Vendor Name,Vendor Domain,Vendor Proven URL,Vendor clients domains
Abbeylands Furniture (Navan) Ltd,scatterbox.ie,https://directory.enterprise-ireland.com/vendor/abbeylands-furniture-ltd-ta-scatter-box,"arnotts.ie,Barker Stonehouse,David Philips,dwell.com,endner-wohnideen.de,ezliving-interiors.ie,fishpools.co.uk,harveynorman.com.au,idc.by,Immo Staging,koesters-wohnkultur.de,mcelhinneys.com,murf.com,theorchard.com"
AIRTEL ATN LTD,airtel-atn.com,https://directory.enterprise-ireland.com/vendor/airtel-atn-ltd,"airbus.com,AirNav Ireland,boeing.com,hsmarston.co.uk,ENAV Spa,eurocontrol.int,European Space Agency ESA,frequentis.com,honeywell.com,indracompany.com,nasa.gov,nav.pt"
AMCS Group,amcsgroup.com,https://directory.enterprise-ireland.com/vendor/amcs-group,"ferrovial.com,recology.com,remondisdanmark.dk,renewi.com,republicservices.com,suez.com,veolia.com,wm.com"
APPAREL SUPPLY LIMITED,apparelsupply.ie,https://directory.enterprise-ireland.com/vendor/consumer-products/apparel-supply-limited,eirgrid.ie
Atlantic Aviation Group,atlanticaviation.ie,https://directory.enterprise-ireland.com/vendor/aerospace-aviation/atlantic-aviation-group,"aercap.com,aergo.io,aslairlines.ie,avolon.aero,bank-locations.com,dhl.com,gecas.com,Maersk,ryanair.com,seraphdesign.com,tui.at"
BUSHY PARK IRONWORKS LTD,bushyparkironworks.com,https://directory.enterprise-ireland.com/vendor/bushy-park-ironworks-ltd,"Government Departments,Nearly all the Main Building Contractors In Ireland,Private Clients and Collectors"
HANDY BABY PRODUCTS LTD,clevamama.com,https://directory.enterprise-ireland.com/vendor/handy-baby-products-ltd,"aldi.com.au,alshaya.com,amazon.com,arnotts.ie,babybunting.com.au,boots.com,brendon.eu,firstcry.com,jojomamanbebe.co.uk,lidl.de,mamasandpapas.com,mothercare.com.kw,smythstoys.com"
CONNABRIDE PLASTICS LTD,connabride.nl,https://directory.enterprise-ireland.com/vendor/connabride-plastics-ltd,"asdatyres.co.uk,Auchan International,blokker.nl,timbershow.com,Intermarche France,Tesco UK"
DUBARRY SHOES LIMITED,dubarry.com,https://directory.enterprise-ireland.com/vendor/dubarry-shoes-limited,Dubarry of Ireland
Edgescan,edgescan.com,https://directory.enterprise-ireland.com/vendor/cybersecurity/bcc-risk-advisory-ltd,bloomberg.com
EIRECOMPOSITES TEO,eirecomposites.com,https://directory.enterprise-ireland.com/vendor/aerospace-aviation/eirecomposites-teo,"sd-windenergy.com,spiritaero.com,stuebben.com"
EPS Group,epswater.ie,https://directory.enterprise-ireland.com/vendor/cleantech/eps-group,"dairygold.ie,dornan.ie,equinix.com,joneseng.com,kirbygroup.com,mercuryeng.com,water.ie,winthrop.ie"
Exceedence Ltd,exceedence.com,https://directory.enterprise-ireland.com/vendor/cleantech/exceedence-ltd,"gov.ie,ey.com,simplybluegroup.com,seai.ie"
FLOWFORMA LIMITED,flowforma.com,https://directory.enterprise-ireland.com/vendor/enterprise-software/flowforma-limited,"aon.com,beaumont.ie,buseireann.ie,downeredi.co.nz,grantthornton.com,nhs.net,rimkus.com"
FORCEFIELD ACTIVE TECHNOLOGY LTD,forcefield.ie,https://directory.enterprise-ireland.com/vendor/agriculture-equine/forcefield-active-technology-ltd,"agratronix.com,delaval.com,vnte.cz"
HANNA HATS OF DONEGAL LTD,hannahats.com,https://directory.enterprise-ireland.com/vendor/consumer-products/hanna-hats-of-donegal-ltd,"celticclothing.com,funkyskunkstore.com,Notre Dame,Shamrock Gifts,singaporeair.com"
JFC Group,jfcgroup.ie,https://directory.enterprise-ireland.com/vendor/agriculture-equine/jfc-group,"carlisleairport.co.uk,halfpennygreen.co.uk,mancity.com"
KEY PLASTICS LTD,keyplastics.ie,https://directory.enterprise-ireland.com/vendor/medical-devices/key-plastics-ltd,"commscope.com,medtronic.com,stryker.com,varian.com"
MCAREE'S ENGINEERING WORKS LTD,mcaree-eng.com,https://directory.enterprise-ireland.com/vendor/agriculture-equine/mcarees-engineering-works-ltd,"agrispread.com,combilift.com,Joule Ltd,tancogroup.ir"
MULLAN LIGHTING DESIGN & MANUFACTURING LTD,mullanlighting.com,https://directory.enterprise-ireland.com/vendor/consumer-products/mullan-lighting-design-manufacturing-ltd,"caffenero.com,chupi.com,disney.com,google.com,harrods.cn,jamieolivergroup.com,the-ivy.co.uk"
O'DONOVAN ENGINEERING CO LTD,odonovaneng.ie,https://directory.enterprise-ireland.com/vendor/livestock-handling-housing/odonovan-engineering-co-ltd,"agritechireland.ie,datamars.co.uk,kuh-komfort-huber.com,prattley.co.nz"
Provizio,provizio.ai,https://directory.enterprise-ireland.com/vendor/automotive/provizio,"cevt.se,claas-group.com,ericsson.ca,future-mobility-camp.de,jaguarlandrover.com,nvidia.com,polestar.com,home.sandvik,ti.com,veoneer.com,volvogroup.com,volvocars.com,zenseact.com"
SLIEVE FOY TOOL & DIE LTD,sft.ie,https://directory.enterprise-ireland.com/vendor/aerospace-aviation/slieve-foy-tool-die-ltd,"Becton Dickinson,bostonscientific.com,embecta.com,Millipore,stryker.com"
SOLVAR LTD,solvar.ie,https://directory.enterprise-ireland.com/vendor/consumer-products/solvar-ltd,"Aer Rianta International,colonialwilliamsburg.org,english-heritage.org.uk,guinness-storehouse.com,thenationaltrust.gov.in,seaworldentertainment.com,shannonheritage.com,The British Museum,The Empire State Building,The Statue of Liberty,titanicbelfast.com,trincoll.edu"
DIGICOM OFFICE TECHNOLOGY LTD,digicom.ie,https://directory.enterprise-ireland.com/vendor/digital-entertainment/digicom-office-technology-ltd,"bankofireland.com,dropbox.com,smbc.aero"
EGG POST PRODUCTION & VFX LIMITED,egg.ie,https://directory.enterprise-ireland.com/vendor/motion-pictures-film/egg-vfx-limited,"amazonstudios.com,appletvplusfreetrial.com,bad-wolf.com,bbc.co.uk,itvstudios.com,mammothscreen.com,netflix.com,Sony Film,Warner Film"
SHINAWIL LIMITED,shinawil.com,https://directory.enterprise-ireland.com/vendor/digital-entertainment/shinawil-limited,"amcstudiosinternational.com,banijay.com,bbcstudios.com,buccaneermedia.com,lionsgate.com,roku.com,rte.ie,sundancenow.com,virginmediatelevision.ie,zdf.de,zdf-enterprises.de"
THE SOFT BEDDING COMPANY LTD,softbedding.ie,https://directory.enterprise-ireland.com/vendor/logistics-supply/the-soft-bedding-company-ltd,"arnotts.ie,brownthomas.com,dunnesstores.com,harrycorry.com,harveynorman.ie,primark.com,tkmaxx.ie"
VISION SIGNS & GLASS FILM PRODUCTS LIMITED,visionbranding.ie,https://directory.enterprise-ireland.com/vendor/vision-signs-glass-film-products-limited,"aerlingus.com,arachas.ie,asana.com,autodesk.com,britishairways.com,bwg.ie,Communicorp,deloitte.com,dhl.com,docusign.com,dropbox.com,ebay.com,facebook.com,google.com,horizontherapeutics.com,hubspot.com,Life Pharmacy,linkedin.com,mastercard.us,pinterest.com,redchalk.com,reddit.com,ryanair.com,flysas.com,sherryfitz.ie,Structuretone,thesortingoffice.biz,tcd.ie,twilio.com,University College Dublin,VHI,vithit.com,walls.ie,zendesk.com,zurich.com"
WINDMILL LANE PICTURES LTD,windmilllane.com,https://directory.enterprise-ireland.com/vendor/professional-services/windmill-lane-pictures-ltd,"bouldermedia.tv,netflix.com,paramountpictures.com,rte.ie,sweetmedia.ie"
ASPEN VENTURES LTD,aspengrovesolutions.com,https://directory.enterprise-ireland.com/vendor/fintech/aspen-ventures-ltd,"brookstonemanagement.com,Guardian Asset Management,,msi.com,usbank.com,wellsfargo.com"
BH IT CONSULTING LIMITED,bhconsulting.ie,https://directory.enterprise-ireland.com/vendor/cybersecurity/bh-it-consulting-limited,"brownthomas.com,cartrawler.com,dalatahotelgroup.com,yodlee.com,makeawish.ie,originenterprises.com,irishtimes.com"
CASHBOOK LTD,cashbook.com,https://directory.enterprise-ireland.com/vendor/fintech/cashbook-ltd,chadwicks.ie
CheckVentory,checkventory.com,https://directory.enterprise-ireland.com/vendor/fintech/checkventory,"blackwatermotors.ie,bmwgroup.com,bureauveritas.com,onedatascan.com,firstautofinance.ie,fkh.ie,hyundaicapital.com,joeduffy.ie,mitchmarket.com,mobilize.es,motonovofinance.com,renaultgroup.com,subaru.com.au,trinitymotors.ie,vwfs.gr"
Corlytics Ltd,corlytics.com,https://directory.enterprise-ireland.com/vendor/fintech/corlytics,"fca.org.uk,wirexapp.com"
ID PAL LIMITED,id-pal.com,https://directory.enterprise-ireland.com/vendor/financial-services/id-pal-limited,"bayerhfcu.com,bluestonemotorfinance.ie,getcerta.com,creditsnap.com,grenke.de,jewson.co.uk,keystonepropertyfinance.co.uk,keystone-jobs.com,spiritofak.com"
KNOW YOUR CUSTOMER (IRELAND) LIMITED,knowyourcustomer.com,https://directory.enterprise-ireland.com/vendor/financial-services/know-your-customer-ireland-limited,"3s.money,choco-up.com,Chow Tai Fook,codapayments.com,lsh.ie,onegrouppro.com,paob.com.hk,shacombank.com.hk,chowtaifooktmark.com"
MONEY POINT LTD,moneypoint.ie,https://directory.enterprise-ireland.com/vendor/fintech/money-point-ltd,"bankofireland.com,bk.com,centralbank.ie,circlek.com,Credit Union Secto,Dublin Airport Authority.,easons.com,gslsolutions.com,irishrail.ie,mcdonalds.com,Penneys,supervalu.ie,tesco.com"
Payslip Ltd,payslip.com,https://directory.enterprise-ireland.com/vendor/payslip-limited,"airbus.com,booking.com,cdfoods.com,cloudera.com,getyourguide.com,goto.com"
SMART TRANSFER LTD,swirlcard.com,https://directory.enterprise-ireland.com/vendor/financial-services/smart-transfer-ltd,"quotedevil.ie,shedsdirectireland.com,sligoparkhotel.com,rcpi.ie"
SALMON SOFTWARE LTD,salmonsoftware.ie,https://directory.enterprise-ireland.com/vendor/fintech/salmon-software-ltd,"CRH,DCC,fexco.com,ryanair.com"
CARD COMMERCE LTD,savvyglobal.net,https://directory.enterprise-ireland.com/vendor/fintech/card-commerce-ltd,"adidas-group.com,barclaycard.co.uk,blackhawknetwork.com,easons.com,elavon.ie,gap.com,globalpaymentsinc.com,Planet Payments,,smythstoys.com"
ZARION LIMITED,zarion.com,https://directory.enterprise-ireland.com/vendor/fintech/zarion-limited,"allianz.de,aon.com,avivawholesale.com,bankofireland.com,fbd.ie,firstcitizen.ie,irishlife.ie,irishlifehealth.ie,libertyinsurance.ie,newcastle.co.uk,newcastlesolutions.co.uk,NN Hungary,zurich.com"
CW SYSTEMS INTEGRATION LTD,cwsisecurity.com,https://directory.enterprise-ireland.com/vendor/cybersecurity/cw-systems-integration-ltd,"kefron.com,qbuzz.nl,skoda-auto.com,Three UK & Ireland"
Druid Software,druidsoftware.com,https://directory.enterprise-ireland.com/vendor/cybersecurity/druid-software,"airspan.com,dell.com,dishwireless.com,horizonhouse.ie,intel.com"
NOSTRA TECHNOLOGIES LIMITED,nostra.ie,https://directory.enterprise-ireland.com/vendor/cybersecurity/nostra-technologies-limited,"abbott.com,amrytt.com,ballymoregroup.com,Dawn Farm Foods,hines.com,horseware.com,kilsaran.ie,portwest.com,waystone.com"
ComplyKEY,complykey.com,https://directory.enterprise-ireland.com/vendor/governance-risk-compliance/waterford-technologies-ltd,"Belfast Health and Social Care Trust,Belfast Trust,donegalcoco.ie,thrcuk.com"
ADVANCED DRAUGHTING SERVICES LIMITED,adslgroup.com,https://directory.enterprise-ireland.com/vendor/engineering/advanced-draughting-services-limited,"cm-steel.com,Glazier Steel,keltbray.com,kssl.ie,New Hampshire Steel Fabricators,stewartironworks.com,tateornamental.com"
Arc Engineering,arcengineering.ie,https://directory.enterprise-ireland.com/vendor/construction-products/arc-engineering-2,"bandccontractors.ie,johnpaul.ie,mkn-group.com,walls.ie"
Ayesa,ayesa.com,https://directory.enterprise-ireland.com/vendor/construction-services/ayesa,"abports.co.uk,dublinport.ie,ferrovial.com,nationaltrust.org.uk,networkrail.co.uk,redseaglobal.com,scottishrenewables.com,water.ie"
TESTREACH LTD,testreach.com,https://directory.enterprise-ireland.com/vendor/testreach-ltd,"britishcouncil.org,Chartered Institute of Legal Executives,Chartered Institute of Procurement and Supply,Chartered Institute of Securities and Investment,,edqm.eu,fph.org.uk,int-comp.org,Pre-Hospital Emergency Care Council,rcoa.ac.uk,rcpath.org,rcpi.ie"
P & S CIVIL WORKS LTD,cleantech-group.com,https://directory.enterprise-ireland.com/vendor/construction-services/p-s-civil-works-ltd,"Caledonia Water,Irish Water,nwl.co.uk,scottishwater.co.uk,veolia.ie"
Clune Technology Investment Group,clunetech.com,https://directory.enterprise-ireland.com/vendor/financial-services/clune-technology-investment-group,"accountsiq.com,barclays.co.uk,bentleymotors.com,coupa.com,fyorin.com,google.com,ibm.com,ingglobal.ir,ivalua.com,metacareers.com,nestle.com,quickbookstraining.com,sageintacct.com,concursolutions.com,wellsfargo.com,wexinc.com,wts.com"
REITIGH SOFTWARE LIMITED,reitighltd.com,https://directory.enterprise-ireland.com/vendor/financial-services/reitigh-software-limited,"cnpsantander.com,mercer.com,mandg.com,mobiuslife.co.uk,Prudential International Assurance"
MedoSync Limited,medosync.com,https://directory.enterprise-ireland.com/vendor/enterprise-software/medosync-limited,"affidea.com,beaconhospital.ie,bonsecours.com,irishlife.ie,layahealthcare.ie,vhi.ie"
AUTOFULFIL LIMITED,autofulfil.com,https://directory.enterprise-ireland.com/vendor/logistics-supply/autofulfil-limited,"blankcanvascosmetics.com,carpeomnialifestyle.com,ellaandjo.ie,fulfilnutrition.com,kinvaraskincare.com,littleblisscoffee.com.au,peachylean.com,schoolbooks.ie,Sinead Keary The label,therecordhub.com,Up Cosmetics"
OGLESBY & BUTLER LTD,portasol.com,https://directory.enterprise-ireland.com/vendor/electronics-electronic-manufacturing/oglesby-butler-ltd,"kerbl.com,conrad.de,electusdistribution.com.au,jbctools.com,kruuse.com,mactools.com,snapon.com,weller-tools.com"
TRUSTAP LIMITED,trustap.com,https://directory.enterprise-ireland.com/vendor/enterprise-software/trustap-limited,"mudah.my,preloved.co.uk,stripe.com,studentseats.com,tipro.net"
J.C. Walsh & Sons,jcwalsh.ie,https://directory.enterprise-ireland.com/vendor/consumer-products/jc-walsh-sons-2,"creativeirishgifts.com,DAA Dublin Airport Shannon Airport"
COLORMAN (IRELAND) LTD,colorman.ie,https://directory.enterprise-ireland.com/vendor/material-print-packaging/colorman-ireland-ltd,"bostonscientific.com,medtronic.com"
Michael Lawrence Engineering,laweng.ie,https://directory.enterprise-ireland.com/vendor/life-sciences-medtech-healthcare/michael-lawrence-engineering,"abbott.com,abbvie.com,baylissarchitects.com,hollisterco.com,ivascular.global,teleflex.com,vistamedia.com.au"
WATERSHED COMPANY LIMITED,watershedgroup.com,https://directory.enterprise-ireland.com/vendor/material-print-packaging/watershed-company-limited,"aldi.com.au,bandonvale.ie,cargill.com,danone.com,dunnesstores.com,jabil.com,kerryfoodscareers.com,musgravespirits.com,nestle.com,obrienfinefoods.ie,Reckitt Benckiser,sanofi.com,siemens.com,tesco.com,uniphar.ie,viessmann.com,westcorkdistillers.com,westernbrandni.com"
Safe Events Global (CUCKOO EVENTS LIMITED),safeevents.ie,https://directory.enterprise-ireland.com/vendor/event-services/cuckoo-events-limited,"conferencepartners.com,dublincity.ie,dublinpride.ie,dublinzoo.ie,filmmastermea.com,limerick.ie,mdlbeast.com,Wild Roots Festival"
Biocel,biocel.ie,https://directory.enterprise-ireland.com/vendor/chemicals-raw-materials-sourcing/biocel,"abbvie.com,carberygaa.ie,dairygold.ie,danone.com,diageo.com,pernod-ricard.com"
PPI ADHESIVE PRODUCTS LTD,ppiadhesiveproducts.com,https://directory.enterprise-ireland.com/vendor/material-print-packaging/ppi-adhesive-products-ltd,test
ADVANCED TECHNICAL CONCEPTS LTD,atcgroup.ie,https://directory.enterprise-ireland.com/vendor/construction-services/advanced-technical-concepts-ltd,"bakerhughes.com,cookmedical.com,edwards.com,hollisterco.com,irishrail.ie,jnj.com,liebherr.com,stryker.com,trane.com,valeo.com,Zimmer"
G & S STAINLESS SERVICES LTD,gandsstainless.com,https://directory.enterprise-ireland.com/vendor/food-beverage/g-s-stainless-services-ltd,"abbvie.com,alexion.com,Almac,Arran Chemicals,baileys.com,diageo.com,GEA,GND,mercury.com,msd.com,norbrook.com,WuXi,xerox.com"
Precision Sports Technology,precisionsportstech.com,https://directory.enterprise-ireland.com/vendor/sports-tech-sporting-goods/precision-sports-technology,"adidas-group.com,austinfc.com,sportireland.ie"
WOODFORD TIMBER PRODUCTS LTD,woodford.ie,https://directory.enterprise-ireland.com/vendor/construction-products/woodford-timber-products-ltd,"aurivo.ie,grangewoodfencing.com,kdm-international.com,Richard Boyles & Sons,tirlan.com"
Connect the Dots,connectthedots.ie,https://directory.enterprise-ireland.com/vendor/event-services/connect-the-dots,"arup.com,corkcity.ie,dcssds.qld.gov.au,dublincity.ie,volunteerdlr.ie,galwaycity.ie,kilkennycoco.ie,sdcc.ie"
RKD ARCHITECTS LTD,rkd.ie,https://directory.enterprise-ireland.com/vendor/construction-services/rkd-architects-ltd,"abbott.com,aib.ie,amazon.com,apple.com,baileys.com,ballymoreorganics.ie,barclaycardus.com,biomarin.com,bostonscientific.com,citi.com,coca-cola.com,dairygold.ie,diageo.com,digitalrealty.com,equinix.com,European Commission Joint Research Centre,exyte.net,ge.com,genzyme.com,gsk.com,hp.com,kennedywilson.com,kerryfoodscareers.com,linkedin.com,microsoft.com,msd.com,ornua.com,pfizer.com,primark.com,sanofi.com,Saudi Arabian Ministry of Health,tcd.ie,ucd.ie,worldbank.org"
Europlan Group,europlanservices.com,https://directory.enterprise-ireland.com/vendor/construction-services/europlan-group,"chiyodacorp.com,ge.com,hitachi.com,sumitomoelectric.com,toray.com"
Motarme,motarme.com,https://directory.enterprise-ireland.com/vendor/professional-services/motarme,"electronixservices.com,leadingedgegroup.com,pragmatica.design,principallogisticstechnologies.com,sonitussystems.com,stryve.de,tekenable.ie,waterfordtechnologies.com"
Skellville Enterprises Limited,sfengineering.net,https://directory.enterprise-ireland.com/vendor/food-beverage/skellville-enterprises-limited,"almarai.com,cdfoods.com,cranswickwinesaustralia.com,cryovac.de,dawnmeats.com,dunbiafarmers.com,ishida.co.jp,kerryfoodscareers.com,lusiaves.pt,mapleleaffoods.com,moypark.com,pilgrims.com,plukon.com"
Aubren Limited,akrivis.com,https://directory.enterprise-ireland.com/vendor/construction-products/aubren-limited,"Asgard,cellnex.com,cental.ie,crosslaketech.com,Danaan,dornan.ie,eunetworks.com,isopod.com,johnsoncontrols.com,joneseng.com,ledspan.com,munters.com,National Irish Broadband,silent-aire.com,tyronefabrication.co.uk,zayo.com"
ZiggyTec,ziggytec.com,https://directory.enterprise-ireland.com/vendor/energy/ziggytec,"aramark.com,Bailie Gifford,bannon.ie,claytonhotels.com,colliers.com,DLR,hastingsdirect.com,Hibernian REIT,Hines,IPUT,irishlife.ie,jll.com,portofwaterford.com,savills.com"
Sentient Solutions,sentient.ie,https://directory.enterprise-ireland.com/vendor/digital-entertainment/sentient-solutions,"etraveligroup.com,Flutter group,Get Insured,id.me,kaizengaming.com,qlinkwireless.com,tide.com,tiktok.com,vivawallet.com"
SchoolWise,schoolwiselearning.com,https://directory.enterprise-ireland.com/vendor/education/schoolwise-limited,"Clarin College Ireland,Presentation College Carlow Ireland,Sion Hill College Ireland,stpatscs.com"
The Kind Brand Company,thekindbrandcompany.com,https://directory.enterprise-ireland.com/vendor/consumer-products/the-kind-brand-company,"Boots,dunnesstores.com,hollandandbarrett.ie,Shaws,tesco.com,uniphar.ie,wholefoodsmarket.co.uk"
Brace Social Limited,bracesocial.com,https://directory.enterprise-ireland.com/vendor/wellness-fitness/brace,"irishrugby.ie,thedigitalhub.com"
Snapfix Ltd,snapfix.com,https://directory.enterprise-ireland.com/vendor/enterprise-software/snapfix-ltd,"bestwestern.com,hilton.com.cn,hamptonseattlenorth.com,hiltonhotels.it,holidayinn.com,howardjohnsonberkeley.com,hyatt.com,marriott.com,mhlgroupe.com,ndu.edu.lb,Super 8 Motels,titanic.com.tr,toyota.com,travelodge.co.uk"
NoFrixion,nofrixion.com,https://directory.enterprise-ireland.com/vendor/financial-services/nofrixion,"auctioneera.ie,edotconnect.org,ezliving-interiors.ie,idonate.ie,lazertelecom.com"
Giyst Limited,giyst.com,https://directory.enterprise-ireland.com/vendor/enterprise-software/giyst-limited,"andhealth.com,Clippd.io,Flutter Plc,iglta.org"
JB Interactive Mobile Marketing Ltd,sendmode.com,https://directory.enterprise-ireland.com/vendor/enterprise-software/sendmode,"Chill Insurance"",irishrail.ie,ryanair.com,subway.com,tirlan.com"
EIDA SOFTWARE SOLUTIONS LTD,eidasolutions.com,https://directory.enterprise-ireland.com/vendor/construction-tech/eida-software-solutions-ltd,"biomarin.com,DPS Engineering,exyte.com,fujifilmdiosynth.com,intel.com,ipsengineering.ie,jacobs-engineering.com,kirbygroup.com,leolynch.com,leo-pharma.com,mercuryengineering.com,msd.com,mslengineering.ie,novonordisk.com,pfizer.com,pmgroup-global.com,Radley Engineering,regeneron.ie,suireng.ie,wuxibiologics.com"
THE BEAUTY BUDDY LIMITED,thebeautybuddy.com,https://directory.enterprise-ireland.com/vendor/health-beauty/the-beauty-buddy-limited,"esteelauder.co.uk,mdlondon.co.uk"
KILKENNY COOLING SYSTEMS LTD,kilkennycooling.com,https://directory.enterprise-ireland.com/vendor/food-beverage/kilkenny-cooling-systems-ltd,"asahibeer.co.uk,budweiser.co.uk,diageo.com,pattonnz.com,southwestrefrigeration.co.uk"
Accounting Excel Limited,accounting-pro.ie,https://directory.enterprise-ireland.com/vendor/financial-services/accounting-excel-limited,"absorblms.com,adeccousa.com,bank-locations.com,cscp.ie,dextermind.net,directmedics.com,maximaconsulting.com,spectrum.life"
Atlantia Clinical Trials Ltd,atlantiaclinicaltrials.com,https://directory.enterprise-ireland.com/vendor/food-beverage/atlantia-clinical-trials,"chr-hansen.com,dsm-firmenich.com,givaudan.com,trysnow.com"
danalto,danalto.com,https://directory.enterprise-ireland.com/vendor/enterprise-software/danalto,"actility.com,autodesk.com,cisco.com,davra.com,dublincity.ie,ingrammicro.com,oracle.com,sewio.net,subteccorp.com,taoglas.com"
SEROSEP LTD,serosep.com,https://directory.enterprise-ireland.com/vendor/life-sciences-medtech-healthcare/serosep-ltd,"Adelaide and Meath Hospital,beaumont.ie,Belfast Health and Social Care Trust,bonsecours.ie,Brighton & Sussex University Hospital,buckshealthcare.nhs.uk,Craigavon Area Hospital,Frimley Park Hospital,imperial.ac.uk,mtw.nhs.uk,london.nhs.uk,Norfolk & Norwich University Hospital,Northern Health and Social Care Trust,northmid.nhs.uk,Public Health England,shl-tech.com,stjames.ie,uclh.nhs.uk"
CLOVER HILL FOOD INGREDIENTS LIMITED,cloverhill.ie,https://directory.enterprise-ireland.com/vendor/food-beverage/clover-hill-food-ingredients-limited,"backaldrin.com,foricher.com,norte-eurocao.com"
MCGRATHS LIMESTONE (CONG) LTD,mcgraths.ie,https://directory.enterprise-ireland.com/vendor/construction-services/mcgraths-limestone-cong-ltd,"Ardagh glass,breedonconsulting.co.uk,capitalfoods.com,Harbro Nutrition,kilsaran.ie,noblefoods.co.uk,hills-group.co.uk"
LEARNUPON LTD,learnupon.com,https://directory.enterprise-ireland.com/vendor/enterprise-software/learnupon-ltd,"bamboohr.com,brownthomasarnottscareers.com,childrenshealthireland.ie,gusto.com,adeccogroup.com,twilio.com,zendesk.com"
JOHN J RYAN (SEALING PRODUCTS) LTD,atdemolda.com,https://directory.enterprise-ireland.com/vendor/life-sciences-medtech-healthcare/john-j-ryan-sealing-products-ltd,"teva.com,xerox.com"
Flaircraft Ltd,flaircraft.ie,https://directory.enterprise-ireland.com/vendor/consumer-products/flaircraft-ltd,"Argento Jewelers,blarneycastle.ie,danatyler.com,donegalsquare.com,Gretchens Hallmark,myirishjeweler.com,Park Jewelers,seaworld.com,shimmeringseas.com,thepaperstore.com"
GENERAL AUDIT TOOL LIMITED,gatlabs.com,https://directory.enterprise-ireland.com/vendor/cybersecurity/general-audit-tool-limited,"agbarr.co.uk,allegro-group.com,aubergeresorts.com,cloudpay.com,dutchbros.nl,ebury.com,hingehealth.com,knowbe4.com,newscorp.com,Noble Network Of Charter Schools,princeton.edu,racingpost.com,rrps.net,taboola.com,trans.eu,Ubiquiti Inc,UK Cabinet Office,vixtechnology.com"
Institute of Child Education and Psychology Europe,icepe.eu,https://directory.enterprise-ireland.com/vendor/education/profexcel-limited,"dcu.ie,hiberniacollege.com,uel.ac.uk"
Pro Stainless GLOBAL,prostainlessdesigns.com,https://directory.enterprise-ireland.com/vendor/construction-products/pro-stainless-global,"alexion.com,biomarin.com,lilly.com,janssen.com,lonza.com,msd.com,pfizer.com,wuxibiologics.com,zoetis.com"
CF PHARMA  IRELAND LIMITED,cfpharma.ie,https://directory.enterprise-ireland.com/vendor/life-sciences-medtech-healthcare/cf-pharma-limited,pharmacare.ie
Evercam Limited,evercam.io,https://directory.enterprise-ireland.com/vendor/enterprise-software/evercam-construction-cameras,"bamireland.ie,johnpaul.ie,johnsiskandson.com,joneseng.com"
BLUEMETRIX LTD,bluemetrix.com,https://directory.enterprise-ireland.com/vendor/professional-services/bluemetrix-ltd,"bmc.com,cloudera.com,ING Bank"
Volograms Limited,volograms.com,https://directory.enterprise-ireland.com/vendor/digital-entertainment/volograms-limited,"hslu.ch,htc.com,hugoboss.com,Mars Wrighley,samsung.com,vodafone.com"
MONSOON CONSULTING,monsoonconsulting.com,https://directory.enterprise-ireland.com/vendor/enterprise-software/monsoon-software-consulting-ireland-ltd,"bellababy.ie,cmsdistribution.com,dlrcoco.ie,enableireland.ie,heatmerchants.ie,O'Brien Ingredients,one4all.ie,Punch Pubs UK,selectonline.com,syscoireland.com,dublinacademy.ie,uniphar.ie,weirandsons.ie"
FARRELLY & MITCHELL BUSINESS CONSULTANTS LTD,farrellymitchell.com,https://directory.enterprise-ireland.com/vendor/agriculture-equine/farrelly-mitchell-business-consultants-ltd,"aliaxis.com,bordbia.ie,dubaisouth.ae,Emirates Food Industries,concertoplus.eu,fsai.ie,General Food Security Authority,gii.ae,halaldevelopment.com,mazoondairy.om,mitsui.com,musgravespirits.com,Qatar Development Bank,unido.org,worldbank.org"
Truform Laser Dies,truformlaserdies.com,https://directory.enterprise-ireland.com/vendor/material-print-packaging/truform-laser-dies,"colorman.ie,huhtamaki.com,smurfitkappa.com,westrock.com"
Weltec Engineering Ltd,weltec.ie,https://directory.enterprise-ireland.com/vendor/construction-services/weltec-engineering-ltd,"bausch.com,bostonscientific.com,eirgen.com,gsk.com,horizonhouse.ie,jabil.com,leo-pharma.com,sanofi.com,westpharmaservices.co.uk"
Ella & Jo Cosmetics,ellaandjo.ie,https://directory.enterprise-ireland.com/vendor/health-beauty/ella-jo-cosmetics,"boots.com,dunnesstores.com,irelandwestairport.com,meagherspharmacy.ie,shaws.ie,The Kilkenny Group,theskinnerd.com"
COHAR,sosucosmetics.com,https://directory.enterprise-ireland.com/vendor/sosucosmetics,"beautybay.com,boots.com,chemistwarehouse.ie,dunnesstores.com,Llyods Pharmacy,lookfantastic.com,primark.com,sephora.com,superdrug.com,tesco.com"
NORESIDE ENGINEERING LTD,noreside.ie,https://directory.enterprise-ireland.com/vendor/noreside-engineering-ltd,"lilly.com,glanbia.com,pfizer.com,tirlan.com"
Mastercad Ltd,lawlersustainability.com,https://directory.enterprise-ireland.com/vendor/renewables-environment/mastercad-ltd,"brownthomasarnottscareers.com,dublincity.ie,dunnesstores.com,edenbleu.com,epa.ie,hse.ie,intel.com,irishlife.ie,lidl.de,pfizer.com,supervalu.ie,seai.ie,tommy.com"
VELO COFFEE ROASTERS LIMITED,velocoffee.ie,https://directory.enterprise-ireland.com/vendor/beverages-non-alcoholic/velo-coffee-roasters-limited,"aldi.ie,dunnesstores.com,glanbia.com,musgravemarketplace.ie,shopify.com,sysco.com,tesco.ie"
JAHAN COMPANY UNLIMITED COMPANY,irema.com,https://directory.enterprise-ireland.com/vendor/medical-devices/jahan-company-unlimited-company,"bbraunusa.com,essity.com,hse.ie,paul-hartmann.de"
MAVERIC CONTRACTORS LTD      MAVERIC BAU GMBH,mavericcontractors.com,https://directory.enterprise-ireland.com/vendor/construction-services/maveric-contractors-ltd,"cdmsmith.com,hmvengineering.com,lupp-netzbau.de,mercuryeng.com,tslprojects.com,viabuild.be,winthrop.ie"
Strike Technology Limited,strikepay.co,https://directory.enterprise-ireland.com/vendor/strikepay,"brownthomas.com,livenation.com,Louis Fitzgerald Group.,toniandguy.com"
Global Shares - A J.P. Morgan Company,globalshares.com,https://directory.enterprise-ireland.com/vendor/global-shares-6,"cargill.com,generalitravelinsurance.com,gsk.com,loreal.com"
Quantmatix,quantmatix.com,https://directory.enterprise-ireland.com/vendor/funds-fund-management/quantmatix,"blackwellglobal.com,cscapm.com,capitalmarketstrading.com,galtere.com,hibernia-labs.com,hrklunis.de,invesco.com,jefferies.com,kapvista.com,lcmfamily.co.uk,noviscient.com,rcpinvest.com,vcmllp.com"
COGS & MARVEL (EUROPE) LIMITED,cogsandmarvel.com,https://directory.enterprise-ireland.com/vendor/cogs-marvel-europe-limited,"datastax.com,disney.com,google.com,meta.com,microsoft.com,pinterest.com"
Eastland Engingeering Supply Co Limited,eesgroup.com,https://directory.enterprise-ireland.com/vendor/eastern-energy-services-pte,"amgen.com,BMS,dairygold.ie,diageo.com,glanbia.com,pfizer.com"
SHIMMER RESEARCH LIMITED,shimmersensing.com,https://directory.enterprise-ireland.com/vendor/medical-devices/shimmer-research-limited,"Beijing SYG University,harvard.edu,imotions.com,ipsos.com,John Hopkins University,mit.edu,mdurance.com,Oxford University,tobii.com,University of New South Wales"
Geowox LTD,geowox.com,https://directory.enterprise-ireland.com/vendor/enterprise-applications/geowox-ltd,"firsthomeadvisor.com,firsthomescheme.ie,homeforlife.ie,moco.ie,nuamoney.com,spryfinance.ie"
FLOW TECHNOLOGY LTD,flowtechnology.ie,https://directory.enterprise-ireland.com/vendor/flow-technology-ltd,"abbott.com,abbvie.com,alexion.com,Bristol Myer Squibb,lilly.com,Fujifil Diosynth Biotechnologies,irishdistillers.ie,Johnson & JohnSon,merck.com,pepsico.com,pfizer.com,regeneron.ie,sanofi.com"
JOHN LOUGHNANE & SONS JOINERY WORKS LTD,loughnanesjoinery.com,https://directory.enterprise-ireland.com/vendor/john-loughnane-sons-joinery-works-ltd,"boyleconstruction.com,Clancy Project Management Ltd,,johnsiskandson.com,mca.ie,monami.ie,purcellap.com,Sean Dockery Architects,secon.ie"
SYSTEMATICS SOFTWARE LTD,oeesystems.com,https://directory.enterprise-ireland.com/vendor/data-analytics/systematics-software-ltd,"Abbott Diagnostics,abbvie.com,alexion.com,arvato.com,aurivo.ie,biomarin.com,bulmers.ie,cascadedesigns.com,chairmansfoods.com,coopervision.com,creativecomposites.co.uk,danone.com,denso.com,emerson.com,gehealthcare.com,Gyproc,henkel-adhesives.com,ibstockbrickbrass.com,lufthansa-technik.com,Muller Wiseman,norbev.co.uk,petersonfarmsinc.com,smithlaw.com,solvay.com,tatasteel.com,trinitybiotech.com,xerox.com"
DUNREIDY ENGINEERING LTD,dunreidy.com,https://directory.enterprise-ireland.com/vendor/beverages-non-alcoholic/dunreidy-engineering-ltd,"abbott.com,amazon.com,lilly.com,mondelezinternational.com,pfizer.com,tirlan.com,valeofoods.ie"
ECC DESIGN AND ENGINEERING LIMITED,eccgroup.ie,https://directory.enterprise-ireland.com/vendor/ecc-design-and-engineering-limited,"blueskyproperty.ie,cluid.ie,J Coffey Construction,Mace Technology,mercuryengineering.co.za,saber.sa"
PEMAC,pemac.com,https://directory.enterprise-ireland.com/vendor/computerised-maintenance-management-systems-cmms/pmi-software-ltd,"analog.com,bauschrewards.com,blackrockhealth.com,calor.co.uk,carbery.com,coca-cola.com,continental-industry.com,eirgen.com,glennonbrothers.ie,gbi.ie,gyproc.se,Gyproc Saint-Gobain,heineken.com,heineken.co.uk,irishdistillers.ie,keppeldatacentres.com,kingspan.com,kytepowertech.com,lumiradx.com,osdoors.com,ppg.com,stryker.com,taytosnacks.ie,tirlan.com,viatris.com,weidmann-ag.ch,wykefarms.com"
TORC CANDLES LIMITED,torccandles.com,https://directory.enterprise-ireland.com/vendor/consumer-products/torc-candles-limited,costco.com
SYSTEM LABEL TECHNOLOGY LIMITED,system-label.com,https://directory.enterprise-ireland.com/vendor/material-print-packaging/system-label-technology-limited,"clearchannel.co.uk,fluke.com,jcb.com,KCI-Medtronic,,nhs.uk,stryker.com,Thurlby Thandar Instruments"
LEADING EDGE (IRELAND) LTD,leadingedgegroup.com,https://directory.enterprise-ireland.com/vendor/cybersecurity/leading-edge-ireland-ltd,"abbott.com,dairygold.ie,eishtec.com,glanbianutritionals.com,hovione.com,mississauga.ru,surmodics.com,teagasc.ie,timhortons.com,tcd.ie"
KILLARNEY PRECISION ENGINEERING LTD  (T.A. O'CARROLL ENGINEERING),ocarrollengineering.com,https://directory.enterprise-ireland.com/vendor/killarney-precision-engineering-ltd,"bennettconstruction.ie,graydon.ie,Ernest Park Construction,glenveagh.ie,Henry J Lyons,homelandgroup.ie,Keady Construction,liebherr.com,linesight.com,mastek.com,monami.ie,pjhegarty.ie,RCMS Steel Fabricators"
BOLGER ENGINEERING LTD,bolgers.com,https://directory.enterprise-ireland.com/vendor/bolger-engineering-ltd,"analog.com,caterpillar.com,celestica.com,cumminsengines.com,jcb.com,medtronic.com,perkins.com,siemens-healthineers.com"
OrthoXel DAC,orthoxel.com,https://directory.enterprise-ireland.com/vendor/medical-devices/orthoxel-dac,"Cork University Hospital - Cork, Ireland,crescentregionalhospital.com,OSF St. Anthony's Medical Center - Rockford, Illinois,uchicago.edu"
Modular Automation Ireland Limited,modular-global.com,https://directory.enterprise-ireland.com/vendor/medical-devices/modular-automation-ireland-limited,"abbott.com,bostonscientific.com,depuysynthes.com,hollister.com,jnj.com,medtronic.com,stryker.com,zimmerbiomet.com"
Integrated Facilities Solutions Ltd.,fexillon.com,https://directory.enterprise-ireland.com/vendor/enterprise-applications/integrated-facilities-solutions-ltd,"childrenshealthireland.ie,hines.com,jedunn.com,microsoft.com,ucd.ie,strath.ac.uk,xbim.net"
DMC Global Partners,dmcgobalpartners.com,https://directory.enterprise-ireland.com/vendor/construction-services/dmc-global-partners,"aib-bank.com,ara-europe.com,chirisa.com,circlek.com,dalatahotelgroup.com,delsk.com,digitalrealty.com,dunnesstores.com,globalswitch.sg,hse.ie,hines.com,ircp.com,keppeldatacentres.com,neom.com,ruby-hotels.com,statestreet.com,veritas.ie"
NEOTECH SOFTWARE SOLUTIONS LTD,diomac.com,https://directory.enterprise-ireland.com/vendor/business-intelligence/neotech-software-solutions-ltd,"danskofoods.com,gpsfoodgroup.com,Keogh's Crisps,sofrimar.ie"
ABREL PRODUCTS LTD,abrel.com,https://directory.enterprise-ireland.com/vendor/components/abrel-products-ltd,"ams-osram.com,analog.com,bosch.com,infineon.com,renesas.com,triotechtools.com"
H&MV Engineering Ltd,hmvengineering.com,https://directory.enterprise-ireland.com/vendor/hmv-engineering-ltd,"bnmrecycling.ie,statnett.no,tennet.eu"
Suir Engineering Ltd,suireng.ie,https://directory.enterprise-ireland.com/vendor/energy/suir-engineering-ltd,"abbott.com,alexion.com,astrazeneca.com,dairygold.ie,J&J Vision Care,lumcloonenergy.com,pfizer.com,sanofi.com,siemens-energy.com,statkraft.com,takeda.com,kerrygroup.net,tirlan.com,wuxibiologics.com"
Waynua,waynua.ie,https://directory.enterprise-ireland.com/vendor/business-process-outsourcing/pageboy-dublin-ltd,"bankofireland.com,calor.co.uk,iaa.ie,siemens.com,johnnywander.com"
TEKenable,tekenable.ie,https://directory.enterprise-ireland.com/vendor/digital-transformation-and-modernisation/tekenable,"dairygold.ie,dpd.co.uk,dublincity.ie,fbd.ie,hse.ie,Road Safety Authority,ulsterbank.ie,virginmedia.com,weatherbys.co.uk,zurichlife.ie"
Apata Limited,apata.io,https://directory.enterprise-ireland.com/vendor/apata,"edenred.com,wise.com"
Fexco Limited,fexco.com,https://directory.enterprise-ireland.com/vendor/aerospace-aviation/fexco,"aber.ac.uk,Abu Dhabi Duty Free,,aerlingus.com,atlantis.ie,chanel.com,dubaidutyfree.com,flybe.com,harrods.cn,hongkongairlines.com,ikea.com,lse.ac.uk,louisvuitton.com,marriottbonvoyasia.com,michaelkors.com,ncl.com,paddypower.com,qantas.com,selfridges.com,shangri-la.com,shu.ac.uk,thepalm.com,ritzcarlton.com,tiffany.com,st-andrews.ac.uk,sussex.ac.uk,worlddutyfree.com"
LITTLE POND LIMITED,prommt.com,https://directory.enterprise-ireland.com/vendor/construction-tech/little-pond-limited,"adaremanor.com,thearoragroup.com,ballyfin.com,bulgari.com,carrgolf.com,chelseafc.com,David M Robinson Group,easternwestern.co.uk,harveynorman.com.au,Howarth Timber & Building Supplies,Powerscourt Hotel Resort & Spa,selfridges.com,cambriagroup.com,Wilsons Auctions Group"
JOHN G RATHBORNE LTD,rathbornes1488.ie,https://directory.enterprise-ireland.com/vendor/consumer-products/john-g-rathborne-ltd-2,"ashfordcastle.com,brownthomas.com,kilkeacastle.ie,sheenfallslodge.ie"
PLUSVITAL GROUP LIMITED,plusvital.com,https://directory.enterprise-ireland.com/vendor/animal-health-nutrition/plusvital-group-limited,nationalstud.co.uk
HYGEIA CHEMICALS LTD,hygeia.ie,https://directory.enterprise-ireland.com/vendor/agriculture-equine/hygeia-chemicals-ltd,"amazon.com,diy.com,woodies.ie"
IJM TIMBER ENGINEERING LTD,ijm.ie,https://directory.enterprise-ireland.com/vendor/ijm-timber-engineering-ltd-2,"ballymoregroup.com,castlethorn.ie,kellandhomes.ie,parkdevelopments.ie"
ABBEY MACHINERY LTD,abbeymachinery.com,https://directory.enterprise-ireland.com/vendor/agriculture-equine/abbey-machinery-ltd,Farmgard Australia & New Zealand
Thomas Garland and Partners Limited,garlandconsultancy.com,https://directory.enterprise-ireland.com/vendor/garland-ormond-international-ltd,"afez.az,Hamad Medical Group,kacst.gov.sa,King Abdullah Economic City,mtic.go.ug,Public Pension Agency,Rayadah Investment Company,ugandainvest.go.ug,worldbank.org"
FLEMING MEDICAL LTD,flemingmedical.ie,https://directory.enterprise-ireland.com/vendor/pharma/fleming-medical-ltd,muscatpharmacy.om
BONNER,bonner.ie,https://directory.enterprise-ireland.com/vendor/iot/bonner,"abbvie.com,bostonscientific.com,carbon.ie,dairygold.ie,kerryfoodscareers.com,lakeland.ie"
TYRONE PRODUCTIONS LTD,tyroneproductions.ie,https://directory.enterprise-ireland.com/vendor/digital-entertainment/tyrone-productions-ltd,"rte.ie,TG4,virginmedia.ie"
THE LINGUAVIVA CENTRE LTD,linguaviva.com,https://directory.enterprise-ireland.com/vendor/education/the-linguaviva-centre-ltd,"ans.cz,bildungsurlauber.de"
AVONMORE ELECTRICAL CO LTD,avonmore-electrical.com,https://directory.enterprise-ireland.com/vendor/avonmore-electrical-co-ltd,SSE Renewables
SOFTCO UNLIMITED COMPANY,softco.com,https://directory.enterprise-ireland.com/vendor/softco-unlimited-company,"aerlingus.com,ageas.co.uk,apetito-hfs.ca,bulkbarn.ca,cantor.com,candcgroupplc.com,certasenergy.co.uk,chadwicks.ie,crh.com,crownagentsbank.co.uk,digitalriver.com,ding.com,dole.com,jjfoodservice.com,lloydsbank.com,logitech.com,pernod-ricard.com,primark.com,pwc.com,renault.ie,rjobrien.com,smythstoys.com,sunnydelight.es,superdry.in,toolstation.com,vhi.ie,volkswagen.ie"
OPTIMUM LTD,optimum.ie,https://directory.enterprise-ireland.com/vendor/education/optimum-ltd,"kpmg.ie,queallygroupcareers.ie,zurich.com"
HL COMMODITY FOODS (MANUFACTURING) LTD,hlcf.ie,https://directory.enterprise-ireland.com/vendor/food-beverage/hl-commodity-foods-manufacturing-ltd,"abergavenny.uk.com,dominos.co.uk,dunbia.com,eddierockets.ie,fayrefield.com,musgravemarketplace.ie,sysco.com"
CODEC SYSTEMS LTD,codec.ie,https://directory.enterprise-ireland.com/vendor/it-services/codec-systems-ltd,"metacompliance.com,qub.ac.uk,seai.ie,ttmhealthcare.ie"
ASH TECHNOLOGIES LTD,ash-vision.com,https://directory.enterprise-ireland.com/vendor/electronics-electronic-manufacturing/ash-technologies-ltd,"apple.com,bostonscientific.com,medtronic.com,redbull.com,te.com"
AIMWARE LTD,brightwork.com,https://directory.enterprise-ireland.com/vendor/enterprise-software/aimware-ltd,"amazon.com,acenet.edu,asrcfederal.com,cincinnatichildrens.org,naperville.il.us,waco-texas.com,express.dhl,epg.com,farmmutualre.com,fibrus.com,fluor.com,ilsos.gov,innoviafilms.com,intevaproducts.com,lazydogrestaurants.com,leonardo.us,marshall.edu,mckennalabs.com,naucountry.com,northshorebank.com,filmschool.ie,silverbayseafoods.net,usps.com"
OBERG ASSOCIATES LTD,maxbenjamin.com,https://directory.enterprise-ireland.com/vendor/oberg-associates-ltd,"nk.com.my,selfridgesgroup.com,stockmann.ee,tksmy.com"
WOOD MOULDINGS LTD,woodmouldings.com,https://directory.enterprise-ireland.com/vendor/wood-mouldings-ltd,"chadwicks.ie,unitedhardware.ie"
INTELLIGO SOFTWARE LTD,intelligosoftware.com,https://directory.enterprise-ireland.com/vendor/intelligo-software-ltd,"abbott.com,axainsurancecompany.com,btireland.com,circlek.com,medtronic.com,nandos.co.uk"
JOHN BYRNE CONVEYORS & PACKAGING SERVICES LTD,cps.ie,https://directory.enterprise-ireland.com/vendor/life-sciences-medtech-healthcare/john-byrne-conveyors-packaging-services-ltd,"abbott.com,abbvie.com,bostonscientific.com,essilor.com,medtronic.com,mylan.com,pfizer.com,pg.com,transitions.com"
BURNSIDE HYDRACYL (BALLYMOON) LTD,burnsidehyd.ie,https://directory.enterprise-ireland.com/vendor/burnside-hydracyl-ballymoon-ltd,"awpdelivers.com,Construction & Agricultural Telehandlers,Counterbalance Forktrucks,Truck Mounted Forklifts"
BURNSIDE EUROCYL LTD,burnside-eurocyl.com,https://directory.enterprise-ireland.com/vendor/automotive/burnside-eurocyl-ltd,"volvo.com,jcb.com,deere.com,kubota.com"
PRESSURE WELDING (MANUFACTURING) LTD,pressurewelding.ie,https://directory.enterprise-ireland.com/vendor/pressure-welding-manufacturing-ltd,"amneal.com,lilly.com,pg.com,wardandburke.com,zoetis.com"
PROSYS SAMPLING SYSTEMS LTD,prosys.com,https://directory.enterprise-ireland.com/vendor/manufacturing-engineering-production-equipment/prosys-sampling-systems-ltd,"abbvie.com,astellas.com,astrazeneca.com,bms.com,gsk.com,merck.com,pfizer.com,polypeptide.com,takeda.com"
REALTIME TECHNOLOGIES LTD,realtime.ie,https://directory.enterprise-ireland.com/vendor/aerospace-aviation/realtime-technologies-ltd,"akuray.com,curtisswright.com,shimmersensing.com"
SPEEDPAK COMPANY LIMITED BY GUARANTEE,speedpak.ie,https://directory.enterprise-ireland.com/vendor/logistics-supply/speedpak-company-limited-by-guarantee,"bewleys.com,macepromotions.com,naos.com,uniphar.ie,zeuspackaginggroup.com"
MORGANS FINE FISH,morgansfinefish.com,https://directory.enterprise-ireland.com/vendor/food-beverage/seafood-processors-ltd,aldi-sued.de
CORA SYSTEMS LTD,corasystems.com,https://directory.enterprise-ireland.com/vendor/enterprise-software/cora-systems-ltd,"copeland.com,honeywell.com,northropgrumman.com,roche-applied-science.com,ttelectronics.com"
TechWorks Marine Ltd.,techworks.ie,https://directory.enterprise-ireland.com/vendor/space-applications-earth-observation/techworks-marine-ltd,"acsmships.com,codlingwindpark.ie,clogherheadwind.ie,esa.int"
IRISH MANAGEMENT INSTITUTE (IMI),imi.ie,https://directory.enterprise-ireland.com/vendor/education/irish-management-institute-imi,"afdb.org,aon.com,enterprise-ireland.com,investni.com"
LABEL TECH LTD,labeltech.ie,https://directory.enterprise-ireland.com/vendor/material-print-packaging/label-tech-ltd,"ahascraghdistillery.com,blenders.ie,boanndistillery.ie,countrycrest.ie,dingledistillery.ie,divillymeats.ie,fleetwood.ie,glanbianutritionals.com,groundwellbeing.com,kinnegarbrewing.ie,nutshed.ie,carlowbrewing.com,merrysirishcream.com,sliabhliagdistillers.com,whitemausu.com,wicklowwolf.com"
Fitz Scientific,fitzsci.ie,https://directory.enterprise-ireland.com/vendor/quality-regulatory-and-market-access-services/fitz-scientific,glanagua.ie
THE PIRANHA BAR LTD,piranhabar.ie,https://directory.enterprise-ireland.com/vendor/digital-entertainment/the-piranha-bar-ltd,"amazon.com,gasnetworks.ie,hbo.com,independent.ie,juventus.com,kelloggs.com,netflix.com,rte.ie,supervalu.ie,vhi.ie,virginmedia.com"
The CRS Group,crscoldstorage.com,https://directory.enterprise-ireland.com/vendor/electronics-electronic-manufacturing/crs-rent-a-fridge-limited,shellfishireland.com
SERVECENTRIC LTD,servecentric.com,https://directory.enterprise-ireland.com/vendor/it-services/servecentric-ltd,"digitalrealtytrust.com,dmacmedia.ie,exn.uk,verizonconnect.com"
MAGICO SOFTWARE LTD,magico.ie,https://directory.enterprise-ireland.com/vendor/e-commerce/magico-software-ltd,airimpact.ie
STARCIRCLE LIMITED,starcircle.com,https://directory.enterprise-ireland.com/vendor/enterprise-software/starcircle-limited,"autodesk.com,carelon.com,portwest.com"
INLAND AND COASTAL MARINA SYSTEMS LTD,inlandandcoastal.com,https://directory.enterprise-ireland.com/vendor/inland-and-coastal-marina-systems-ltd,waterwaysireland.org
IN HAND GUIDES LTD,inhandguides.com,https://directory.enterprise-ireland.com/vendor/professional-services/in-hand-guides-ltd,"The Book of Kells, Trinity College Dublin"
SHANNON MICROCOIL LTD,shannonmicrocoil.com,https://directory.enterprise-ireland.com/vendor/aerospace-aviation/shannon-microcoil-ltd,"jnj.com,medtronic.com,merrittwebb.com,nordson.com,stryker.com,teleflex.com"
NATIONAL SPACE CENTRE LTD,nationalspacecentre.eu,https://directory.enterprise-ireland.com/vendor/ground-station-systems-and-networks/national-space-centre-ltd,"contec.kr,esa.int,rocketlabusa.com,suasaerospace.com"
SONALAKE LIMITED,sonalake.com,https://directory.enterprise-ireland.com/vendor/enterprise-software/sonalake-limited,"broadridge.com,three.ie,travelport.com,vodafone.ie,yahoo.com"
ONEVIEW LTD,oneviewhealthcare.com,https://directory.enterprise-ireland.com/vendor/life-sciences-medtech-healthcare/oneview-ltd,"bumrungrad.com,nh.org.au,health.nsw.gov.au"
REDDY ARCHITECTURE + URBANISM EXPORT LTD,reddyarchitecture.com,https://directory.enterprise-ireland.com/vendor/construction-services/reddy-architecture-urbanism-export-ltd,"bankofireland.com,cairnhomes.com,charteredland.ie,echelondata.global,foldhousing.ie,greystar.com,gec.ie,hendersonpark.com,lda.ie,lioncor.ie,ucdestates.ie,ucc.ie,universityofgalway.ie"
TOTAL PLASTIC SOLUTION LTD,totalplasticsolution.ie,https://directory.enterprise-ireland.com/vendor/automotive/total-plastic-solution-ltd,"alpsalpine.com,eielectronics.ie"
MIDLAND STEEL REINFORCEMENT SUPPLIES LTD,midlandsteelreinforcement.co.uk,https://directory.enterprise-ireland.com/vendor/construction-products/midland-steel-reinforcement-supplies-ltd,"alignjv.com,balfourbeattycareers.com,Conack Construction,costain.com,johnpaul.ie,johnsiskandson.com,kier.co.uk,laingorourke.com,pjhegarty.ie,skanska.com,willsbros.com"
Splash,splash.ie,https://directory.enterprise-ireland.com/vendor/marketing-advertising/splash-designs-ltd,"alliedfire.ie,aqua-design.ie,corcorans.ie,nuvo.ie,fairstone.ie,tria.ie"
WOLFGANG DIGITAL LIMITED,wolfgangdigital.com,https://directory.enterprise-ireland.com/vendor/wolfgang-digital-limited,"brownthomas.com,fenergo.com,tcd.ie,zurich.ie"
VIDATUM LTD,vidatum.com,https://directory.enterprise-ireland.com/vendor/education/vidatum-ltd,"eur.nl,manchester.ac.uk,tcd.ie,warwick.ac.uk"
PREMIUM POWER LTD,premium-power.com,https://directory.enterprise-ireland.com/vendor/energy/premium-power-ltd,"abbvie.com,amazon.com,bostonscientific.com,bms.com,lilly.com,esb.ie,ge.com,glanbia.com,google.com,janssen.com,metacareers.com,microsoft.com,msd.com,pepsico.com,pfizer.com,regeneron.com,takeda.com,thermofisher.com"
Lios,lios-group.com,https://directory.enterprise-ireland.com/vendor/aerospace-aviation/restored-hearing-ltd,esa.int
DAVE DUNNE CONTROLS LTD,ddc.ie,https://directory.enterprise-ireland.com/vendor/electronics-electronic-manufacturing/dave-dunne-controls-ltd,se.com
TYRELL CONTENT CREATION TOOLS IRELAND LTD,tyrellcct.com,https://directory.enterprise-ireland.com/vendor/digital-entertainment/tyrell-content-creation-tools-ireland-ltd,"bouldermedia.tv,brownbagfilms.com,cartoonsaloon.ie,egg.ie,giantanimation.ie,paddypower.com,rte.ie,screenscene.ie,piranhabar.ie,virginmediatelevision.ie,windmilllane.com"
IN2 Design Partnership LTD,in2.ie,https://directory.enterprise-ireland.com/vendor/construction-services/in2-design-partnership-limited,"beaumont.ie,collen.com,linesight.com"
The HR Company,thehrcompany.ie,https://directory.enterprise-ireland.com/vendor/human-resources/business-2-enterprise-limited,"celticmediagroup.ie,sigmarrecruitment.com"
Element Post VFX,element.ie,https://directory.enterprise-ireland.com/vendor/digital-entertainment/silk-screen-media-ltd,"cbs.com,channel4.com,nbcuniversal.com,netflix.com,paramount.com"
RANDOR TECHNOLOGIES LIMITED,electronixservices.com,https://directory.enterprise-ireland.com/vendor/electronics-electronic-manufacturing/randor-technologies-limited,"bostonscientific.com,irishrail.ie,jnj.com,seagate.com"
GOOD TRAVEL SOFTWARE LTD,goodtravelsoftware.com,https://directory.enterprise-ireland.com/vendor/enterprise-software/good-travel-software-ltd,toyotafinancial.com
Davra,davra.com,https://directory.enterprise-ireland.com/vendor/iot/davra,"sdmts.com,tls.se,wencomine.com"
NOEL LAWLER GREEN ENERGY SOLUTIONS LIMITED,nlce.ie,https://directory.enterprise-ireland.com/vendor/noel-lawler-green-energy-solutions-limited,"brownthomasarnottscareers.com,dublincity.ie,hse.ie,intel.com,irishlife.ie,lidl.de,pfizer.com,supervalu.ie,tommy.com"
ULTAN TECHNOLOGIES LTD,ultantechnologies.com,https://directory.enterprise-ireland.com/vendor/energy/ultan-technologies-ltd,"berneslaihomes.co.uk,gmcirl.com,pinergy.ie,stevenage.gov.uk,seai.ie,walls.ie"
MIAGEN LTD,miagen.com,https://directory.enterprise-ireland.com/vendor/it-services/miagen-ltd,avolon.aero
PILOT PHOTONICS LTD,pilotphotonics.com,https://directory.enterprise-ireland.com/vendor/optics-technologies/pilot-photonics-ltd,esa.int
FULL HEALTH MEDICAL LTD,fullhealthmedical.com,https://directory.enterprise-ireland.com/vendor/life-sciences-medtech-healthcare/full-health-medical-ltd,"circlehealthgroup.co.uk,cornmarket.ie,empowerdxlab.com"
BLACKNIGHT INTERNET SOLUTIONS LTD,blacknight.com,https://directory.enterprise-ireland.com/vendor/data-centre/blacknight-internet-solutions-ltd,"acornmedia.info,autoimage.ie,cartoonsaloon.ie,glicit.ie,skypaq.com"
The Printed Image,tpi.ie,https://directory.enterprise-ireland.com/vendor/material-print-packaging/the-printed-image-limited,"lawlibrary.ie,dublincity.ie,permanenttsbgroup.ie,primeline.ie,swimireland.ie"
MEEHAN DRILLING LTD,meehandrilling.com,https://directory.enterprise-ireland.com/vendor/meehan-drilling-ltd,"arup.com,boliden.com,felixohare.com,geothermalengineering.co.uk,Irish Water,meic.go.cr,reachactive.com,tetratech.com,wardandburke.com,Wills Brothers"
AEROWIND IRELAND LTD,aerowind.net,https://directory.enterprise-ireland.com/vendor/aerospace-aviation/aerowind-ireland-ltd,collinsaerospace.com
ODYSSEY VALIDATION CONSULTANTS LIMITED,odysseyvc.com,https://directory.enterprise-ireland.com/vendor/professional-services/odyssey-validation-consultants-limited,"alexion.com,amgen.com,aspenpharma.com,astrazeneca.com,bms.com,davra.com,emerson.com,eisinc.com,grifols.com,honeywell.com,horizontherapeutics.com,mallinckrodt.com,msd.com,pfizer.com,sanofi.com,sgs.com,takeda.com,wuxibiologics.com"
JOINT-IT LTD,jointit.com,https://directory.enterprise-ireland.com/vendor/joint-it-ltd,"dnsstones.co.uk,jwgrant.co.uk,nustone.co.uk,pgrtimber.co.uk,primethorpepaving.co.uk"
eirpoint,eirpoint.com,https://directory.enterprise-ireland.com/vendor/custom-software-development/eirpoint,"argyll-bute.gov.uk,musgrave.international,shannonferries.com"
CPi Biotech Limited,cpibiotech.com,https://directory.enterprise-ireland.com/vendor/life-sciences-medtech-healthcare/cpi-technology-limited,"lilly.com,msd.com"
NURITAS LTD,nuritas.com,https://directory.enterprise-ireland.com/vendor/pharma/nuritas-ltd,givaudan.com
Trigraph Intelligent Learning,trigraph.ie,https://directory.enterprise-ireland.com/vendor/education/trigraph-professional-services-ltd,"idaireland.com,ifsskillnet.ie,mylifebathrooms.com,nsai.ie,novartis.com,tcd.ie"
MILNER BROWNE ENTERPRYZE (IRELAND) LIMITED,enterpryze.com,https://directory.enterprise-ireland.com/vendor/enterprise-software/milner-browne-enterpryze-ireland-limited,"coffeyhealthcare.ie,ggglass.co.uk,petproducts.co.uk"
EQUILUME LTD,equilume.com,https://directory.enterprise-ireland.com/vendor/agriculture-equine/equilume-ltd,"brandenburgequinetherapy.com,ezhorse.com,farmvet.com,kentauraustralia.com,nrsworld.com,racetrackvetservices.com,rrvp.com"
AGRILAND MEDIA LIMITED,agriland.ie,https://directory.enterprise-ireland.com/vendor/agriculture-equine/agriland-media-limited,"aib.ie,gov.ie,herdwatch.com,msd.com"
MagrowTec,magrowtec.com,https://directory.enterprise-ireland.com/vendor/crop-cultivation-protection/agricultural-magnetics-ltd,"Avonlea Farm Ventures,Buford Lake Planting Co,croplands.com,hirabhana.co.nz,kennedyspraying.com.au"
APPLIED CONCEPTS LTD,appliedpi.com,https://directory.enterprise-ireland.com/vendor/agriculture-equine/applied-concepts-ltd,abbeymachinery.com
DEADPAN PICTURES LIMITED,deadpanpictures.ie,https://directory.enterprise-ireland.com/vendor/digital-entertainment/deadpan-pictures-limited,"amazon.com,amcplus.com,bbc.co.uk,boatrocker.com,britbox.com,lionsgate.com,Netflix,rte.ie,studiocanal.com,virginmedia.ie,wdr.de,zdf.de"
ENVIROTECH INNOVATIVE PRODUCTS LTD,auranta.ie,https://directory.enterprise-ireland.com/vendor/envirotech-innovative-products-ltd,"abagri.com,agrifirm.com,AP Nutritech,betagro.com,cargill.com,Cimma Breeding - Schils,landolakes.com,Leading global premix and feed additive company,maxim.com.au,Nutabio"
OVVO LTD,ovvotech.com,https://directory.enterprise-ireland.com/vendor/sustainability/ovvotech-innovations-ltd,next.co.uk
IPC DIGITAL MEDIA LTD,ipcdigitalmedia.com,https://directory.enterprise-ireland.com/vendor/digital-entertainment/ipc-digital-media-ltd,"aerlingus.com,axa.co.uk,buseireann.ie,dublinairport.com,gene.com,kbc.be,kfc.com,permanenttsbgroup.ie,roche.com,sdcc.ie,takeda.com,themusgravegroup.com"
Showoff,showoff.ie,https://directory.enterprise-ireland.com/vendor/enterprise-software/blue-cow-technologies-limited,"bentleymotors.com,ba.com,centrica.com,kwik-fit.com,local150.org,nationalexpress.com,salesforce.com,stripe.com"
UNISON ENGINEERING SERVICES LTD,unisonengineering.ie,https://directory.enterprise-ireland.com/vendor/sustainability/unison-engineering-services-ltd,danone.com
INCUS POWER LTD,incuspower.com,https://directory.enterprise-ireland.com/vendor/industrial-automation/incus-power-ltd,"designergrp.com,joneseng.com,kingmoffatt.com,tritech.ie"
T-Pro,info.tpro.io,https://directory.enterprise-ireland.com/vendor/digital-health-technology/t-pro,"barwonhealth.org.au,beaumont.ie,blackrockhealth.com,bradfordhospitals.nhs.uk,hantsiowhealthandcare.org.uk,hpft.nhs.uk,mpft.nhs.uk,porthosp.nhs.uk,ramsayhealth.co.uk,shropscommunityhealth.nhs.uk,stvincents.ie,sussexcommunity.nhs.uk,uhs.nhs.uk"
ESMARK FINCH PRINTING & PACKAGING LIMITED,esmarkfinch.ie,https://directory.enterprise-ireland.com/vendor/esmark-finch-printing-packaging-limited,"An Garda Siochana,Dublin Airport Authority,idfva.ie,London MET Police,Swiss Army"
DP DESIGNPRO LTD,designproautomation.com,https://directory.enterprise-ireland.com/vendor/dp-designpro-ltd,"3mhealthcare.in,abbott.com,bostonscientific.com,cookmedical.com,itwmedical.com,medtronic.com,merckkimyasallari.net,meritthinkeducation.com,stryker.com"
Touchcom,touchcom.ie,https://directory.enterprise-ireland.com/vendor/it-services/touchcom,"google.com,linkedin.com,microsoft.com,paloaltonetworks.com,workday.com"
GOLDFISH TELECOM LTD,goldfish.ie,https://directory.enterprise-ireland.com/vendor/telecommunications/goldfish-telecom-ltd,foundryco.com
Clubforce,clubforce.com,https://directory.enterprise-ireland.com/vendor/enterprise-software/clubforce,"aislingannacotty.com,cualagaa.ie,granada.ie,kilmacudcrokes.com"
SPORTLOMO LIMITED,sportlomo.com,https://directory.enterprise-ireland.com/vendor/wellness-fitness/sportlomo-limited,"irishrugby.ie,volleyball.ca"
F E S P International Ltd,fesp.ie,https://directory.enterprise-ireland.com/vendor/design-project-services/f-e-s-p-international-ltd,"abbottnutrition.com,diageo.com,fujifilm.com,gogenuity.com,guinness-storehouse.com,hp.com,imperial-tobacco.pl,mota-engil.com,msd.com,perrigo.com,ronangrouprealestate.com,sap.com,signaturecapital.com,statestreet.com,vhi.ie,zoetis.com"
Wellola,wellola.com,https://directory.enterprise-ireland.com/vendor/life-sciences-medtech-healthcare/physiolinked-limited,leedsth.nhs.uk
CONDON ENGINEERING LIMITED,condonengineering.ie,https://directory.enterprise-ireland.com/vendor/agriculture-equine/condon-engineering-limited,tirlanfarmlife.com
MBRYONICS LIMITED,mbryonics.com,https://directory.enterprise-ireland.com/vendor/rf-payload-and-systems-communications/mbryonics-limited,"darpa.mil,esa.int"
ULTRAPURE LABORATORIES LTD.,ultrapurelabs.ie,https://directory.enterprise-ireland.com/vendor/pharma/ultrapure-laboratories-ltd,"aldi.ie,lidl.ie"
JOHNSON HANA INTERNATIONAL LIMITED,johnsonhana.com,https://directory.enterprise-ireland.com/vendor/business-process-outsourcing/johnson-hana-international-limited,"cartrawler.com,linkedin.com,teamwork.com"
XOCEAN LIMITED,xocean.com,https://directory.enterprise-ireland.com/vendor/xocean-limited,"enbw.com,fugroannualreport.com,oceanwinds.com,orsted.com,simplybluegroup.com,sserenewables.com"
MEG,megit.com,https://directory.enterprise-ireland.com/vendor/life-sciences-medtech-healthcare/meg,"calvarycare.org.au,davita.com,greathearingbenefits.com,guysandstthomas.nhs.uk,kch.nhs.uk,m42.ae,ucchristus.cl,upmc.ie"
ABBEY SEALS INTERNATIONAL LIMITED,abbeyseals.ie,https://directory.enterprise-ireland.com/vendor/aerospace-aviation/abbey-seals-international-limited,"irishdistillers.ie,janssen.com"
TRANSIT9 LIMITED,transit9.com,https://directory.enterprise-ireland.com/vendor/enterprise-software/transit9-limited,transdev.com
INPUTE TECHNOLOGIES LIMITED,inpute.com,https://directory.enterprise-ireland.com/vendor/digital-transformation-and-modernisation/inpute-technologies-limited,"anpost.com,axa.ie,lidl.com,ryanair.com"
FLEETOPS LIMITED,fleetops.com,https://directory.enterprise-ireland.com/vendor/enterprise-software/fleetops-limited,"primeinc.com,stevenstransport.com,veriha.com"
IMEC TECHNOLOGIES LIMITED,imectechnologies.com,https://directory.enterprise-ireland.com/vendor/imec-technologies-limited,"aa.com,chemdesign.com,danone.com,nucoryamato.com,universityofcalifornia.edu,veolia.com,wolfspeed.com"
EMAGINE MEDIA,emagine.ie,https://directory.enterprise-ireland.com/vendor/digital-entertainment/emagine-media,"irishcement.ie,irishprisons.ie,kpmg.ie,redmills.com"
3D Design Bureau,3ddesignbureau.com,https://directory.enterprise-ireland.com/vendor/construction-tech/3d-design-bureau-limited,"ardstone.com,ballymoregroup.com,thecomergroup.com,elkstonepartners.com,glenveagh.ie,hollybrookhomes.co.uk,knightfrank.com,lisney.com,quintain.ie,reddyarchitecture.com,rkd.ie,savills.com"
MMG OCEAN,mmgocean.com,https://directory.enterprise-ireland.com/vendor/energy/mmg-ocean,"arcelormittal.com,ares.global,montroseport.co.uk,njordoffshore.com,sanmar.com.tr,svitzer.com,xocean.com"
TOTAL DIGITAL LIMITED,totaldigital.ie,https://directory.enterprise-ireland.com/vendor/it-services/total-digital-limited,"acorninsurance.ie,askacorn.ie,blanchardstowncu.ie,circlek.com,complianceandrisks.com,elfc.com,fexillon.com,flyefit.ie,garrett.com,mccannfitzgerald.com,mfcu.ie,nurseoncall.ie,unislim.com,wildeinteriors.ie,wriggle.ie,zehnacker.ie"
CONJURA IRELAND LIMITED,conjura.com,https://directory.enterprise-ireland.com/vendor/conjura-ireland-limited,"brightpearl.com,currentbody.com,ecomplete.com,sideralabs.com"
IT.ie,it.ie,https://directory.enterprise-ireland.com/vendor/it-services/pc-technix-limited,"askpaul.ie,cogentassociates.ie,echelon-dc.com,metroinns.co.uk,nova.ie,shomera.ie,supernode.energy,tritech.ie"
TINES,tines.com,https://directory.enterprise-ireland.com/vendor/enterprise-software/tines-security-services-limited,"databricks.com,intercom.com,mckesson.com"
Premio eCommerce,premio.ie,https://directory.enterprise-ireland.com/vendor/e-commerce/premio-ecommerce,premier-stationery.com
CORE OPTIMISATION LIMITED,coreoptimisation.com,https://directory.enterprise-ireland.com/vendor/marketing-advertising/core-optimisation-limited,"aercap.com,aryzta.com,ellaandjo.ie,failteireland.ie,iheed.org,kilkennydesign.com,riverdance.com,thecurrencyclub.co.uk,waterwipes.com"
ARDANIS TECHNOLOGIES LIMITED,ardanis.com,https://directory.enterprise-ireland.com/vendor/it-services/ardanis-technologies-limited,"volvo.com,angloamerican.com,equitrace.app,futureplanet.com,jenza.com"
Rent a Recruiter,rentarecruiter.com,https://directory.enterprise-ireland.com/vendor/talent-acquisition-management/yala-consult-limited,"esw.com,gonitro.com,mastertech.ie"
AMACH,amach.com,https://directory.enterprise-ireland.com/vendor/professional-services/amach,"aerlingus.com,avios.com,boeing.com,ba.com,iagloyalty.com,iagtech.com,flytap.com"
MITCHELL MCDERMOTT CONSTRUCTION CONSULTANTS LIMITED,mitchellmcdermott.com,https://directory.enterprise-ireland.com/vendor/construction-services/mitchell-mcdermott-construction-consultants-limited,digitalrealty.com
GRIFFDON LIMITED,griffdon.com,https://directory.enterprise-ireland.com/vendor/construction-services/griffdon-limited,"dornangroup.com.au,kirbygroup.com,mercuryeng.com,suireng.ie,winthrop.ie"
DANANN AIR LIMITED,danann.ie,https://directory.enterprise-ireland.com/vendor/danann-air-limited,"braun.com,cadbury.co.uk,coca-cola.com,hsbc.com,ibm.com,pfizer.co.jp,tesco.com,xerox.com"
M-Tec Engineering Ltd,m-tec.ie,https://directory.enterprise-ireland.com/vendor/farm-equipment/malanaphy-machinery-limited,"carrs-billington.com,davidtaylorgarages.co.uk"
CJK,cjkengineering.ie,https://directory.enterprise-ireland.com/vendor/construction-services/cjk,"amazon.com,amgen.com,astellas.com,collen.com,daa.ie,digitalrealty.com,ethoseng.ie,jacobs.com,linesight.com,microsoft.com,pmgroup-global.com,redengineering.co.za,stobuildinggroup.com"
SKANSTEC ENGINEERING LIMITED,skanstec.com,https://directory.enterprise-ireland.com/vendor/construction-services/skanstec-engineering-limited,"google.com,intel.com,Irish Defence Forces"",metacareers.com,nokia.com,ericsson.com"
Delta V Sales LTD,ctrlio.com,https://directory.enterprise-ireland.com/vendor/enterprise-software/ctrlio,"ecanvasser.com,procurementexpress.com,submit.com,terminalfour.com"
Msika,msika.africa,https://directory.enterprise-ireland.com/vendor/msika,"eac.int,google.com,malawi.gov.mw,rbm.mw,sadc.int"
Auxilion (Part Of I.T. Alliance Group),auxilion.com,https://directory.enterprise-ireland.com/vendor/auxilion,"apexaviation.ie,aramark.com,coillte.ie,hse.ie,hiqa.ie,mainstreamrp.com,rosderra.ie,teagasc.ie"
Artificial Intelligence Finance Limited,onlineapplication.com,https://directory.enterprise-ireland.com/vendor/fintech/artificial-intelligence-finance-limited,"aib.ie,avantmoney.ie,bankofireland.com,franklenny.com,masonwealth.ie,raycooke.ie,sherryfitz.ie"
BEE Arona,aronanaturalfragrance.com,https://directory.enterprise-ireland.com/vendor/consumer-products/bee-arona,shannonairport.ie
Uzakrota,uzakrota.com,https://directory.enterprise-ireland.com/vendor/event-services/uzakrota,"airastana.com,amadeus.com,apg-ga.com,avruparuyasi.com.tr,booktoworld.com,ba.com,cooptrr.de,failteireland.ie,intrepidtravel.com,laranazusa.com,londonandpartners.com,omanair.com,outgoingtour.com,paximum.com,paymentwall.com,pegast.ru,procolombia.co,qatarairways.com,radissonlive.com,rentnconnect.com,salamair.com,singaporeair.com,touchdmc.com,tourism.gov.my,tourmania.com,travelzonegroup.com,tob.rs,wtatil.com"
Infinite Loop Development Ltd,infiniteloop.ie,https://directory.enterprise-ireland.com/vendor/automotive/infinite-loop-development-ltd,bosch.dk
Varadis,varadis.com,https://directory.enterprise-ireland.com/vendor/eee-thermal-components/varadis,"airbus.com,arrow.com,boeing.com,home.cern,endurosat.com,esa.int,fraunhofer.de,dlr.de,jaxa.jp,kromek.com,nasa.gov,yorkspacesystems.com,nuflare.co.jp"
Senus,senus.com,https://directory.enterprise-ireland.com/vendor/space-applications-earth-observation/senus,"aurivo.ie,esa.int,lakeland.ie"
Proveye,proveye.io,https://directory.enterprise-ireland.com/vendor/space-applications-earth-observation/proveye,"epa.ie,esa.int,globalcommunities.org,selfhelpafrica.org"
Mallon Technology Ltd,mallontechnology.com,https://directory.enterprise-ireland.com/vendor/space-applications-earth-observation/mallon-technology,"bordnamona.ie,gov.ie,dublincity.ie,epa.ie,esa.int,failteireland.ie,limerick.ie"
Drone Space Ltd,dronespace.ie,https://directory.enterprise-ireland.com/vendor/space-applications-navigation/drone-consultant-ireland,dublincity.ie
Mindseed Limited,mindseed.ie,https://directory.enterprise-ireland.com/vendor/system-design-verification/mindseed-limited,"davranetworks.com,dcuinvent.ie,luna.systems,mmic-lab.com,senus.com,taoglas.com,transpoco.com,woodco-energy.com"
Moonsyst,moonsyst.com,https://directory.enterprise-ireland.com/vendor/agriculture-equine/moonsyst,"glasportbio.com,teagasc.ie"
AIMS Software Ltd.,grantmanagementsoftware.com,https://directory.enterprise-ireland.com/vendor/it-services/aims-software-ltd,"alzheimer-nederland.nl,belspo.be,dublincity.ie,fnr.lu,fondspodiumkunsten.nl,mondriaanfonds.nl,zonmw.nl"
LvLogics,lvlogics.com,https://directory.enterprise-ireland.com/vendor/smart-farm-solutions/lvlogics,"cargill.com,condronconcrete.com,dairygold.ie,floatingfarm.nl,forfarmers.co.uk,irishprisons.ie,kiernanmilling.ie,chicken.ie,motioncontrols.com,nwf.co.uk,ophardt.com,quinns.ie,rampf-group.com,siac.ie,southernmilling.ie,ucd.ie,wellman-intl.com,wicklowwolf.com,Wooodford Millling Co"
Micron Agritech,micronagritech.com,https://directory.enterprise-ireland.com/vendor/smart-farm-solutions/micron-agritech,"ivcevidensia.com,lakeland.ie,moleonline.com,teagasc.ie,tirlan.com,unitedfarmers.co.uk,vetpartners.co.uk,xlvets.co.uk,xlvetsskillnet.ie"
Version 1,version1.com,https://directory.enterprise-ireland.com/vendor/it-services/version-1,"irishrail.ie,nationalhighways.co.uk,sucdenfinancial.com"
DCT,dctgrp.com,https://directory.enterprise-ireland.com/vendor/construction-tech/dct,"amazon.com,ardstone.com,bennettconstruction.ie,briggsandforrester.co.uk,collen.com,crownroofing.ie,designergrp.com,flynnmc.com,henryjlyons.com,johnsiskandson.com,joneseng.com,lpigroup.com,metacareers.com,microsoft.com,pjhegarty.ie,sensorifm.com,suireng.ie,tclarke.co.uk,tritech.ie,winthrop.ie,wportsmouth.co.uk,wuxibiologics.com"
Bridge Aviation,bridgeaviationlimited.com,https://directory.enterprise-ireland.com/vendor/aerospace-aviation/bridge-aviation,"compassaviationgroup.com,seaburysolutions.com"
Corballis Technologies,corballis.ie,https://directory.enterprise-ireland.com/vendor/consultancy/corballis-consulting,"bimandscan.com,military.ie"
Vocavio Civil Aviation Systems,vocavio.com,https://directory.enterprise-ireland.com/vendor/aerospace-aviation/vocavio-civil-aviation-systems,"bisimulations.com,cae.com,collinsaerospace.com,iaa.ie,bodywraps.org,raytheon.co.uk,vocavio.com"
The Shannon Airport Group,snnairportgroup.ie,https://directory.enterprise-ireland.com/vendor/aerospace-aviation/the-shannon-airport-group,"atlanticaviation.ie,bakerhughes.com,dhl.com,edwards.com,elfc.com,futuremobilityireland.ie,iac.aero,jaguarlandrover.com,meiragtx.com,ryanair.com,eielectronics.ie,ups.com,zimmerbiomet.com"
Great Island Productions Ltd,greatislandproductions.com,https://directory.enterprise-ireland.com/vendor/digital-entertainment/great-island-productions-ltd,"mediawan.com,wildbunch-distribution.com"
Terra Nova Ltd,tnova.ie,https://directory.enterprise-ireland.com/vendor/terra-nova-ltd,"aranwoollenmills.com,ellaandjo.ie,Mucros Weavers"
trigr,trigr.online,https://directory.enterprise-ireland.com/vendor/trigr,rise-media.com
OnePageCRM,onepagecrm.com,https://directory.enterprise-ireland.com/vendor/enterprise-software/onepagecrm,enterpryze.com
Cardel Entertainment,cardelentertainment.com,https://directory.enterprise-ireland.com/vendor/motion-pictures-film/cardel-entertainment,rte.ie
TOTEM Branding Design Agency,totem.ie,https://directory.enterprise-ireland.com/vendor/marketing-advertising/totem,"aton-group.com,camida.com,eurofinspss.com"
Field of Vision,fov.ie,https://directory.enterprise-ireland.com/vendor/sports-tech-sporting-goods/field-of-vision,"afl.com.au,bohemianfc.com,irishfa.com,mancity.com,telstra.com.au,toyotamobilityfoundation.org"
Nativz Gaming,nativzgaming.com,https://directory.enterprise-ireland.com/vendor/sports-tech-sporting-goods/nativz-gaming,"monsterenergy.com,motorsportireland.com,playaid.net,tcd.ie"
Motoklik,motoklik.com,https://directory.enterprise-ireland.com/vendor/space/motoklik,futuremobilityireland.ie
Solar AdTek,solaradtek.com,https://directory.enterprise-ireland.com/vendor/electronics-electronic-manufacturing/solar-adtek,"cjkengineering.ie,clearchanneloutdoor.com,esb.ie,gaelite.ie,jcdecaux.com"
ATG Innovation,atg-europe.com,https://directory.enterprise-ireland.com/vendor/space/atg-innovation,esa.int
NGIS,ngis.com.au,https://directory.enterprise-ireland.com/vendor/sustainability/ngis,"cooperativeresearch.org.au,csbp.com.au,google.com,olamgroup.com,mluk.brandenburg.de,unilever.com"
MULTIHOG LTD,multihog.com,https://directory.enterprise-ireland.com/vendor/agriculture-equine/multihog-ltd,"durhamnc.gov,norcrossga.net,derrystrabane.com,dublincity.ie,gatwickairport.com,glasgow.gov.uk,heathrow.com,louthcoco.ie,manchester.gov.uk,tameside.gov.uk,yvr.ca"
EquiTrace,equitrace.app,https://directory.enterprise-ireland.com/vendor/sports-tech-sporting-goods/equitrace,"goffs.com,harty.racing,lanesend.com,northviewstallions.com"
Tixserve,tixserve.com,https://directory.enterprise-ireland.com/vendor/sports-tech-sporting-goods/tixserve,"edinburghrugby.org,emediacampaigns.com,englandrugby.com,englandrugbytravel.com,barmyarmy.com,faw.cymru,glamorgancricket.com,glasgowwarriors.org,hkrugby.com,scottishrugby.org,standrews.com,wru.wales"
KINETIC-ID LIMITED,kinetic-id.com,https://directory.enterprise-ireland.com/vendor/pharma/kinetic-id-limited,alexion.com
SEQBIOME LIMITED,seqbiome.com,https://directory.enterprise-ireland.com/vendor/pharma/seqbiome-limited,"atlantiaclinicaltrials.com,DSM Firmenich,freyabiosciences.com,jnj.com,nestle.com,roche.com"
Elk Studios,elkstudios.tv,https://directory.enterprise-ireland.com/vendor/digital-entertainment/elk-studios,"bbcstudios.com,dailymadnessproductions.com,rte.ie"
Klearcom,klearcom.com,https://directory.enterprise-ireland.com/vendor/telecommunications/klearcom,"chemtrec.com,danfoss.com,pfizer.com"
Biostr Ireland,biostor.eu,https://directory.enterprise-ireland.com/vendor/pharma/biostor-ireland,"roche.com,sanofi.com,stjames.ie,takeda.com,tissueregenix.com,visiongift.org"
Northfox Facilities Services Ltd,northfoxfs.com,https://directory.enterprise-ireland.com/vendor/professional-services/northfox-facilities-services-ltd,"dpr.com,mercuryeng.com,se.com,winthrop.ie"
Creative Spark Enterprise FabLab,creativespark.ie,https://directory.enterprise-ireland.com/vendor/creative-spark-enterprise-fablab,ncad.ie
Wolf and Oak,wolfandoak.com,https://directory.enterprise-ireland.com/vendor/professional-services/wolf-and-oak,"enterprise-ireland.com,re-turn.ie"
A-techSYN,a-techsyn.com,https://directory.enterprise-ireland.com/vendor/offshore-wind/a-techsyn,ul.ie
Akuray Renewable Technologies Services,akuray.com,https://directory.enterprise-ireland.com/vendor/akuray-renewable-technologies-services,"enel.com,siemensgamesa.com,sserenewables.com,vattenfall.de"
BlueWise Marine,bluewisemarine.ie,https://directory.enterprise-ireland.com/vendor/bluewise-marine,"irishlights.ie,energiagroup.com,enterprise-ireland.com,marine.ie,mayo.ie,Oriel Wind Farm,rskgroup.com,simplybluegroup.com,sserenewables.com,seai.ie,windenergyireland.com"
Cara Offshore,caraoffshore.com,https://directory.enterprise-ireland.com/vendor/cara-offshore,"atlantictowage.com,dnv.com,dykkerteknikk.no,globalmaritime.com,greenrebel.ie,nexans.com,pomaritime.com,wijngaarden.com"
Combilift,combilift.com,https://directory.enterprise-ireland.com/vendor/combilift,eddiestobart.com
EMR Integrated Solutions,emrsolutions.com,https://directory.enterprise-ireland.com/vendor/emr-integrated-solutions,Greater Gabbard OFTO plc
Hydro Survey,hydrosurvey.com,https://directory.enterprise-ireland.com/vendor/hydro-survey,"ayesa.com,dpenergy.com"
Innovision,innovision.ie,https://directory.enterprise-ireland.com/vendor/innovision,"codlingwindpark.ie,sserenewables.com"
Killybegs Marine Cluster,kmc.blue,https://directory.enterprise-ireland.com/vendor/killybegs-marine-cluster,"atlantic-dawn.com,mmgocean.com,mooneyboats.ie,seaquest.ie"
Slick Plus,slick.plus,https://directory.enterprise-ireland.com/vendor/enterprise-software/slick-plus,"itu.int,overstock.com,planenergy.com,who.int"
VisionR,visionr.com,https://directory.enterprise-ireland.com/vendor/iot/visionr,parfois.com
Vesta Insights,vesta-insights.com,https://directory.enterprise-ireland.com/vendor/fintech/vesta-insights,"dogpatchlabs.com,ndrc.ie,rdihub.com"
Capella,capella-ws.com,https://directory.enterprise-ireland.com/vendor/enterprise-software/capella,"ancestry.com,cbre.com,daon.com,garda.ie,rbxireland.xyz,jll.com,world.rugby,zagg.com"
Gemell Technology Ltd,gemell.io,https://directory.enterprise-ireland.com/vendor/sustainability/gemell-technology-ltd,sergeferrari.com
Imvizar,imvizar.com,https://directory.enterprise-ireland.com/vendor/digital-entertainment/imvizar,"grantthornton.com,salesforce.com"
Talio,tailo.ai,https://directory.enterprise-ireland.com/vendor/enterprise-software/talio,amarach.com
Sobi Analytics Ltd,sobianalytics.com,https://directory.enterprise-ireland.com/vendor/business-process-outsourcing/sobi-analytics-ltd,botkeeper.com
Back To Work Connect,backtoworkconnect.ie,https://directory.enterprise-ireland.com/vendor/back-to-work-connect,"anpost.com,aviva.ie,buseireann.ie,dublinbus.ie,energia.ie,esbnetworks.ie,irishrail.ie,idaireland.com,irishlife.ie,johnsiskandson.com,rsa.com,tesco.com,zurich.com"
Binarii Labs,binariilabs.com,https://directory.enterprise-ireland.com/vendor/cybersecurity/binarii-labs-2,biosimulytics.ai
Cushla Health Systems Ltd,cushla.io,https://directory.enterprise-ireland.com/vendor/cushla-health-systems-ltd,cwht.ie
Gr Chocolates,grachocolates.com,https://directory.enterprise-ireland.com/vendor/gra-chocolates,brownthomas.com
Institute of Sustainability Studies,instituteofsustainabilitystudies.com,https://directory.enterprise-ireland.com/vendor/educational-learning-elearning/institute-of-sustainability-studies,"amazon.com,barnsley.gov.uk,cisco.com,encirc360.com,furthr.ie,hubspot.com,kerry.com,salesforce.com,sphera.com,strongroots.com"
Konree Innovation,konreeinnovation.com,https://directory.enterprise-ireland.com/vendor/konree-innovation,irishseafoodproducersgroup.ie
Oatier,oatier.com,https://directory.enterprise-ireland.com/vendor/food-beverage/oatier,"bwg.ie,elliottscashandcarry.ie,musgravemarketplace.ie,nudiefoods.ie,strathroydairy.com,wholefoods.ie"
Positive Carbon,positivecarbon.org,https://directory.enterprise-ireland.com/vendor/sustainability/positive-carbon,"accenture.com,airfield.ie,kcpeachescatering.com,claytonhotels.com,compass-group.ie,gatherandgather.ie,hse.ie,leonardo-hotels.com,levy.ie,tudublin.ie,merrionhotel.com"
Prepsheets,prepsheets.com,https://directory.enterprise-ireland.com/vendor/food-beverage/prepsheets,"arankilkenny.ie,farmerbrowns.ie,farmhousecafe.ie"
Pumpinheart,pumpinheart.com,https://directory.enterprise-ireland.com/vendor/life-sciences-medtech-healthcare/pumpinheart,rcsi.com
Second Life Battery Services,secondlifebatteryservices.ie,https://directory.enterprise-ireland.com/vendor/second-life-battery-services,cix.ie
StoreHero,storehero.ai,https://directory.enterprise-ireland.com/vendor/storehero,"did.ie,kinvaraskincare.com,louiscopeland.co.uk,nomadthelabel.com.au,sineadkeary.com,wolfgangdigital.com"
Thanks Plants,thanksplants.co,https://directory.enterprise-ireland.com/vendor/thanks-plants,"aldi.ie,dunnesstores.com,supervalu.ie,tesco.com"
Tonstix,tonstix.com,https://directory.enterprise-ireland.com/vendor/food-beverage/tonstix,"amazon.com,boots.com,hollandandbarrett.ie"
Cathx Ocean,cathxocean.com,https://directory.enterprise-ireland.com/vendor/electronics-electronic-manufacturing/cathx-ocean,kongsberg.com
Farra Marine Limited,farramarine.com,https://directory.enterprise-ireland.com/vendor/energy/farra-marine-limited,"edf.fr,gevernova.com,iberdrola.com,oceanwinds.com,orsted.com,rwe.com,siemensgamesa.com,vestas.com"
RenewableBOT Limited,renewablebot.com,https://directory.enterprise-ireland.com/vendor/energy/renewablebot-limited,"acelenergy.ie,energypro.ie"
ResHub,getreshub.com,https://directory.enterprise-ireland.com/vendor/life-sciences-medtech-healthcare/reshub,"hollandhome.org,middletonhallretirementvillage.co.uk,vacenti.com.au"
Tantek 4D,tantek4d.com,https://directory.enterprise-ireland.com/vendor/tantek-4d-2,"abbvie.com,IPS,suireng.ie"
W4 Games,w4games.com,https://directory.enterprise-ireland.com/vendor/w4-games-2,"metacareers.com,seconddinner.com,visteon.com"
Wiistream,wiistream.com,https://directory.enterprise-ireland.com/vendor/digital-entertainment/wiistream,"Down GAA,usyouthsoccer.org,wbsc.org"
Payemoji,payemoji.com,https://directory.enterprise-ireland.com/vendor/financial-services/payemoji,"aibms.com,metacareers.com,pizzahut.com"
RDI Hub,rdihub.com,https://directory.enterprise-ireland.com/vendor/education/rdi-hub,fexco.com
ASafe Global,asafeglobal.com,https://directory.enterprise-ireland.com/vendor/professional-services/asafe-global-2,"alreadelectrical.com,elementaltechnologies.com,finning.com,hanleyenergy.com,hochtief-infrastructure.de,hvsm.ie,kirbygroup.com,mercuryeng.com,microsoft.com,pepsico.com,siemens.com,siemens-energy.com,streamdatacenters.com,turnerconstruction.com,vantage-dc.com"
Coftec,coftec.ie,https://directory.enterprise-ireland.com/vendor/waste-management-water-treatment/coftec,water.ie
PsycReality,psycreality.com,https://directory.enterprise-ireland.com/vendor/life-sciences-medtech-healthcare/psycreality,"hw.ac.uk,mepa.me"
Watt Footprint,wattfootprint.ie,https://directory.enterprise-ireland.com/vendor/energy/watt-footprint,supervalu.ie
WedPro by WeddingDates,getwedpro.com,https://directory.enterprise-ireland.com/vendor/enterprise-software/wedpro-by-weddingdates,castlemartyrresort.ie
Climeaction,climeaction.com,https://directory.enterprise-ireland.com/vendor/energy/climeaction,"abbott.com,aerogen.com,analog.com,garrettmotion.com"